code,desc,website,name
ASP,Aspire Private Limited,www.aspire.com,Aspire
TII,Technology Innovation Institute Private Limited,www.tii.com,Technology Innovation Institute
INT,Intellect Bizware Private Limited,www.intellectbizware.com,Intellect
NHI,Nihilent Private Limited,www.nihilent.com,Nihilent
CMP,Crompton Greaves Consumer Electricals Limited,www.crompton.com,Crompton
PRL,Parle Private Limited,www.parle.com,Parle
DLX,Deluxe,www.deluxe.com,Deluxe